link,name
https://www.baidu.com/s?wd=%E6%96%B0%E6%98%A5%E5%8A%A0%E9%80%9F%E5%BA%A6+%E4%B8%AD%E5%9B%BD%E7%BB%8F%E6%B5%8E%E8%B7%91%E5%87%BA%E6%96%B0%E6%B4%BB%E5%8A%9B&sa=fyb_n_homepage&rsv_dl=fyb_n_homepage&from=super&cl=3&tn=baidutop10&fr=top1000&rsv_idx=2&hisfilter=1,新春加速度 中国经济跑出新活力
https://www.baidu.com/s?wd=%E6%B6%88%E8%B4%B9%E5%A4%A7%E6%95%B0%E6%8D%AE%E5%B1%95%E9%9C%B2%E6%9A%96%E6%84%8F%E4%B8%8E%E6%96%B0%E6%84%8F&sa=fyb_n_homepage&rsv_dl=fyb_n_homepage&from=super&cl=3&tn=baidutop10&fr=top1000&rsv_idx=2&hisfilter=1,消费大数据展露暖意与新意
https://www.baidu.com/s?wd=%E5%A7%94%E5%91%98%E7%A7%B0%E5%A4%A7%E5%AD%A6%E7%94%9F%E4%B8%8D%E8%A6%81%E6%BB%A1%E8%84%91%E5%AD%90%E5%A4%AE%E5%9B%BD%E6%94%BF&sa=fyb_n_homepage&rsv_dl=fyb_n_homepage&from=super&cl=3&tn=baidutop10&fr=top1000&rsv_idx=2&hisfilter=1,委员称大学生不要满脑子央国政
https://www.baidu.com/s?wd=%E6%B3%95%E6%B2%BB%E6%97%A5%E6%8A%A5%EF%BC%9A%E2%80%9C%E9%9A%94%E7%A9%BA%E7%8C%A5%E4%BA%B5%E2%80%9D%E4%B9%9F%E6%98%AF%E6%80%A7%E4%BE%B5&sa=fyb_n_homepage&rsv_dl=fyb_n_homepage&from=super&cl=3&tn=baidutop10&fr=top1000&rsv_idx=2&hisfilter=1,法治日报：“隔空猥亵”也是性侵
https://www.baidu.com/s?wd=%E5%B0%91%E4%B8%8A%E4%B8%80%E5%A4%A9%E7%8F%AD%EF%BC%8C%E7%A9%B6%E7%AB%9F%E2%80%9C%E9%A6%99%E4%B8%8D%E9%A6%99%E2%80%9D%EF%BC%9F&sa=fyb_n_homepage&rsv_dl=fyb_n_homepage&from=super&cl=3&tn=baidutop10&fr=top1000&rsv_idx=2&hisfilter=1,少上一天班，究竟“香不香”？
https://www.baidu.com/s?wd=%E4%BF%84%E4%B9%8C%E5%86%B2%E7%AA%81%E4%B8%80%E5%91%A8%E5%B9%B4%E9%87%8D%E8%AE%BF%E5%9F%BA%E8%BE%85&sa=fyb_n_homepage&rsv_dl=fyb_n_homepage&from=super&cl=3&tn=baidutop10&fr=top1000&rsv_idx=2&hisfilter=1,俄乌冲突一周年重访基辅
link,name
https://www.baidu.com/s?wd=%E6%96%B0%E6%98%A5%E5%8A%A0%E9%80%9F%E5%BA%A6+%E4%B8%AD%E5%9B%BD%E7%BB%8F%E6%B5%8E%E8%B7%91%E5%87%BA%E6%96%B0%E6%B4%BB%E5%8A%9B&sa=fyb_n_homepage&rsv_dl=fyb_n_homepage&from=super&cl=3&tn=baidutop10&fr=top1000&rsv_idx=2&hisfilter=1,新春加速度 中国经济跑出新活力
https://www.baidu.com/s?wd=%E6%B6%88%E8%B4%B9%E5%A4%A7%E6%95%B0%E6%8D%AE%E5%B1%95%E9%9C%B2%E6%9A%96%E6%84%8F%E4%B8%8E%E6%96%B0%E6%84%8F&sa=fyb_n_homepage&rsv_dl=fyb_n_homepage&from=super&cl=3&tn=baidutop10&fr=top1000&rsv_idx=2&hisfilter=1,消费大数据展露暖意与新意
https://www.baidu.com/s?wd=%E5%A7%94%E5%91%98%E7%A7%B0%E5%A4%A7%E5%AD%A6%E7%94%9F%E4%B8%8D%E8%A6%81%E6%BB%A1%E8%84%91%E5%AD%90%E5%A4%AE%E5%9B%BD%E6%94%BF&sa=fyb_n_homepage&rsv_dl=fyb_n_homepage&from=super&cl=3&tn=baidutop10&fr=top1000&rsv_idx=2&hisfilter=1,委员称大学生不要满脑子央国政
https://www.baidu.com/s?wd=%E6%B3%95%E6%B2%BB%E6%97%A5%E6%8A%A5%EF%BC%9A%E2%80%9C%E9%9A%94%E7%A9%BA%E7%8C%A5%E4%BA%B5%E2%80%9D%E4%B9%9F%E6%98%AF%E6%80%A7%E4%BE%B5&sa=fyb_n_homepage&rsv_dl=fyb_n_homepage&from=super&cl=3&tn=baidutop10&fr=top1000&rsv_idx=2&hisfilter=1,法治日报：“隔空猥亵”也是性侵
https://www.baidu.com/s?wd=%E5%B0%91%E4%B8%8A%E4%B8%80%E5%A4%A9%E7%8F%AD%EF%BC%8C%E7%A9%B6%E7%AB%9F%E2%80%9C%E9%A6%99%E4%B8%8D%E9%A6%99%E2%80%9D%EF%BC%9F&sa=fyb_n_homepage&rsv_dl=fyb_n_homepage&from=super&cl=3&tn=baidutop10&fr=top1000&rsv_idx=2&hisfilter=1,少上一天班，究竟“香不香”？
https://www.baidu.com/s?wd=%E4%BF%84%E4%B9%8C%E5%86%B2%E7%AA%81%E4%B8%80%E5%91%A8%E5%B9%B4%E9%87%8D%E8%AE%BF%E5%9F%BA%E8%BE%85&sa=fyb_n_homepage&rsv_dl=fyb_n_homepage&from=super&cl=3&tn=baidutop10&fr=top1000&rsv_idx=2&hisfilter=1,俄乌冲突一周年重访基辅
link,name
https://www.baidu.com/s?wd=%E6%96%B0%E6%98%A5%E5%8A%A0%E9%80%9F%E5%BA%A6+%E4%B8%AD%E5%9B%BD%E7%BB%8F%E6%B5%8E%E8%B7%91%E5%87%BA%E6%96%B0%E6%B4%BB%E5%8A%9B&sa=fyb_n_homepage&rsv_dl=fyb_n_homepage&from=super&cl=3&tn=baidutop10&fr=top1000&rsv_idx=2&hisfilter=1,新春加速度 中国经济跑出新活力
https://www.baidu.com/s?wd=%E6%B6%88%E8%B4%B9%E5%A4%A7%E6%95%B0%E6%8D%AE%E5%B1%95%E9%9C%B2%E6%9A%96%E6%84%8F%E4%B8%8E%E6%96%B0%E6%84%8F&sa=fyb_n_homepage&rsv_dl=fyb_n_homepage&from=super&cl=3&tn=baidutop10&fr=top1000&rsv_idx=2&hisfilter=1,消费大数据展露暖意与新意
https://www.baidu.com/s?wd=%E5%A7%94%E5%91%98%E7%A7%B0%E5%A4%A7%E5%AD%A6%E7%94%9F%E4%B8%8D%E8%A6%81%E6%BB%A1%E8%84%91%E5%AD%90%E5%A4%AE%E5%9B%BD%E6%94%BF&sa=fyb_n_homepage&rsv_dl=fyb_n_homepage&from=super&cl=3&tn=baidutop10&fr=top1000&rsv_idx=2&hisfilter=1,委员称大学生不要满脑子央国政
https://www.baidu.com/s?wd=%E6%B3%95%E6%B2%BB%E6%97%A5%E6%8A%A5%EF%BC%9A%E2%80%9C%E9%9A%94%E7%A9%BA%E7%8C%A5%E4%BA%B5%E2%80%9D%E4%B9%9F%E6%98%AF%E6%80%A7%E4%BE%B5&sa=fyb_n_homepage&rsv_dl=fyb_n_homepage&from=super&cl=3&tn=baidutop10&fr=top1000&rsv_idx=2&hisfilter=1,法治日报：“隔空猥亵”也是性侵
https://www.baidu.com/s?wd=%E5%B0%91%E4%B8%8A%E4%B8%80%E5%A4%A9%E7%8F%AD%EF%BC%8C%E7%A9%B6%E7%AB%9F%E2%80%9C%E9%A6%99%E4%B8%8D%E9%A6%99%E2%80%9D%EF%BC%9F&sa=fyb_n_homepage&rsv_dl=fyb_n_homepage&from=super&cl=3&tn=baidutop10&fr=top1000&rsv_idx=2&hisfilter=1,少上一天班，究竟“香不香”？
https://www.baidu.com/s?wd=%E4%BF%84%E4%B9%8C%E5%86%B2%E7%AA%81%E4%B8%80%E5%91%A8%E5%B9%B4%E9%87%8D%E8%AE%BF%E5%9F%BA%E8%BE%85&sa=fyb_n_homepage&rsv_dl=fyb_n_homepage&from=super&cl=3&tn=baidutop10&fr=top1000&rsv_idx=2&hisfilter=1,俄乌冲突一周年重访基辅
link,name
https://www.baidu.com/s?wd=%E6%96%B0%E6%98%A5%E5%8A%A0%E9%80%9F%E5%BA%A6+%E4%B8%AD%E5%9B%BD%E7%BB%8F%E6%B5%8E%E8%B7%91%E5%87%BA%E6%96%B0%E6%B4%BB%E5%8A%9B&sa=fyb_n_homepage&rsv_dl=fyb_n_homepage&from=super&cl=3&tn=baidutop10&fr=top1000&rsv_idx=2&hisfilter=1,新春加速度 中国经济跑出新活力
https://www.baidu.com/s?wd=%E6%B6%88%E8%B4%B9%E5%A4%A7%E6%95%B0%E6%8D%AE%E5%B1%95%E9%9C%B2%E6%9A%96%E6%84%8F%E4%B8%8E%E6%96%B0%E6%84%8F&sa=fyb_n_homepage&rsv_dl=fyb_n_homepage&from=super&cl=3&tn=baidutop10&fr=top1000&rsv_idx=2&hisfilter=1,消费大数据展露暖意与新意
https://www.baidu.com/s?wd=%E5%A7%94%E5%91%98%E7%A7%B0%E5%A4%A7%E5%AD%A6%E7%94%9F%E4%B8%8D%E8%A6%81%E6%BB%A1%E8%84%91%E5%AD%90%E5%A4%AE%E5%9B%BD%E6%94%BF&sa=fyb_n_homepage&rsv_dl=fyb_n_homepage&from=super&cl=3&tn=baidutop10&fr=top1000&rsv_idx=2&hisfilter=1,委员称大学生不要满脑子央国政
https://www.baidu.com/s?wd=%E6%B3%95%E6%B2%BB%E6%97%A5%E6%8A%A5%EF%BC%9A%E2%80%9C%E9%9A%94%E7%A9%BA%E7%8C%A5%E4%BA%B5%E2%80%9D%E4%B9%9F%E6%98%AF%E6%80%A7%E4%BE%B5&sa=fyb_n_homepage&rsv_dl=fyb_n_homepage&from=super&cl=3&tn=baidutop10&fr=top1000&rsv_idx=2&hisfilter=1,法治日报：“隔空猥亵”也是性侵
https://www.baidu.com/s?wd=%E5%B0%91%E4%B8%8A%E4%B8%80%E5%A4%A9%E7%8F%AD%EF%BC%8C%E7%A9%B6%E7%AB%9F%E2%80%9C%E9%A6%99%E4%B8%8D%E9%A6%99%E2%80%9D%EF%BC%9F&sa=fyb_n_homepage&rsv_dl=fyb_n_homepage&from=super&cl=3&tn=baidutop10&fr=top1000&rsv_idx=2&hisfilter=1,少上一天班，究竟“香不香”？
https://www.baidu.com/s?wd=%E4%BF%84%E4%B9%8C%E5%86%B2%E7%AA%81%E4%B8%80%E5%91%A8%E5%B9%B4%E9%87%8D%E8%AE%BF%E5%9F%BA%E8%BE%85&sa=fyb_n_homepage&rsv_dl=fyb_n_homepage&from=super&cl=3&tn=baidutop10&fr=top1000&rsv_idx=2&hisfilter=1,俄乌冲突一周年重访基辅
link,name
https://www.baidu.com/s?wd=%E6%96%B0%E6%98%A5%E5%8A%A0%E9%80%9F%E5%BA%A6+%E4%B8%AD%E5%9B%BD%E7%BB%8F%E6%B5%8E%E8%B7%91%E5%87%BA%E6%96%B0%E6%B4%BB%E5%8A%9B&sa=fyb_n_homepage&rsv_dl=fyb_n_homepage&from=super&cl=3&tn=baidutop10&fr=top1000&rsv_idx=2&hisfilter=1,新春加速度 中国经济跑出新活力
https://www.baidu.com/s?wd=%E6%B6%88%E8%B4%B9%E5%A4%A7%E6%95%B0%E6%8D%AE%E5%B1%95%E9%9C%B2%E6%9A%96%E6%84%8F%E4%B8%8E%E6%96%B0%E6%84%8F&sa=fyb_n_homepage&rsv_dl=fyb_n_homepage&from=super&cl=3&tn=baidutop10&fr=top1000&rsv_idx=2&hisfilter=1,消费大数据展露暖意与新意
https://www.baidu.com/s?wd=%E5%A7%94%E5%91%98%E7%A7%B0%E5%A4%A7%E5%AD%A6%E7%94%9F%E4%B8%8D%E8%A6%81%E6%BB%A1%E8%84%91%E5%AD%90%E5%A4%AE%E5%9B%BD%E6%94%BF&sa=fyb_n_homepage&rsv_dl=fyb_n_homepage&from=super&cl=3&tn=baidutop10&fr=top1000&rsv_idx=2&hisfilter=1,委员称大学生不要满脑子央国政
https://www.baidu.com/s?wd=%E6%B3%95%E6%B2%BB%E6%97%A5%E6%8A%A5%EF%BC%9A%E2%80%9C%E9%9A%94%E7%A9%BA%E7%8C%A5%E4%BA%B5%E2%80%9D%E4%B9%9F%E6%98%AF%E6%80%A7%E4%BE%B5&sa=fyb_n_homepage&rsv_dl=fyb_n_homepage&from=super&cl=3&tn=baidutop10&fr=top1000&rsv_idx=2&hisfilter=1,法治日报：“隔空猥亵”也是性侵
https://www.baidu.com/s?wd=%E5%B0%91%E4%B8%8A%E4%B8%80%E5%A4%A9%E7%8F%AD%EF%BC%8C%E7%A9%B6%E7%AB%9F%E2%80%9C%E9%A6%99%E4%B8%8D%E9%A6%99%E2%80%9D%EF%BC%9F&sa=fyb_n_homepage&rsv_dl=fyb_n_homepage&from=super&cl=3&tn=baidutop10&fr=top1000&rsv_idx=2&hisfilter=1,少上一天班，究竟“香不香”？
https://www.baidu.com/s?wd=%E4%BF%84%E4%B9%8C%E5%86%B2%E7%AA%81%E4%B8%80%E5%91%A8%E5%B9%B4%E9%87%8D%E8%AE%BF%E5%9F%BA%E8%BE%85&sa=fyb_n_homepage&rsv_dl=fyb_n_homepage&from=super&cl=3&tn=baidutop10&fr=top1000&rsv_idx=2&hisfilter=1,俄乌冲突一周年重访基辅
link,name
https://www.baidu.com/s?wd=%E6%96%B0%E6%98%A5%E5%8A%A0%E9%80%9F%E5%BA%A6+%E4%B8%AD%E5%9B%BD%E7%BB%8F%E6%B5%8E%E8%B7%91%E5%87%BA%E6%96%B0%E6%B4%BB%E5%8A%9B&sa=fyb_n_homepage&rsv_dl=fyb_n_homepage&from=super&cl=3&tn=baidutop10&fr=top1000&rsv_idx=2&hisfilter=1,新春加速度 中国经济跑出新活力
https://www.baidu.com/s?wd=%E6%B6%88%E8%B4%B9%E5%A4%A7%E6%95%B0%E6%8D%AE%E5%B1%95%E9%9C%B2%E6%9A%96%E6%84%8F%E4%B8%8E%E6%96%B0%E6%84%8F&sa=fyb_n_homepage&rsv_dl=fyb_n_homepage&from=super&cl=3&tn=baidutop10&fr=top1000&rsv_idx=2&hisfilter=1,消费大数据展露暖意与新意
https://www.baidu.com/s?wd=%E5%A7%94%E5%91%98%E7%A7%B0%E5%A4%A7%E5%AD%A6%E7%94%9F%E4%B8%8D%E8%A6%81%E6%BB%A1%E8%84%91%E5%AD%90%E5%A4%AE%E5%9B%BD%E6%94%BF&sa=fyb_n_homepage&rsv_dl=fyb_n_homepage&from=super&cl=3&tn=baidutop10&fr=top1000&rsv_idx=2&hisfilter=1,委员称大学生不要满脑子央国政
https://www.baidu.com/s?wd=%E6%B3%95%E6%B2%BB%E6%97%A5%E6%8A%A5%EF%BC%9A%E2%80%9C%E9%9A%94%E7%A9%BA%E7%8C%A5%E4%BA%B5%E2%80%9D%E4%B9%9F%E6%98%AF%E6%80%A7%E4%BE%B5&sa=fyb_n_homepage&rsv_dl=fyb_n_homepage&from=super&cl=3&tn=baidutop10&fr=top1000&rsv_idx=2&hisfilter=1,法治日报：“隔空猥亵”也是性侵
https://www.baidu.com/s?wd=%E5%B0%91%E4%B8%8A%E4%B8%80%E5%A4%A9%E7%8F%AD%EF%BC%8C%E7%A9%B6%E7%AB%9F%E2%80%9C%E9%A6%99%E4%B8%8D%E9%A6%99%E2%80%9D%EF%BC%9F&sa=fyb_n_homepage&rsv_dl=fyb_n_homepage&from=super&cl=3&tn=baidutop10&fr=top1000&rsv_idx=2&hisfilter=1,少上一天班，究竟“香不香”？
https://www.baidu.com/s?wd=%E4%BF%84%E4%B9%8C%E5%86%B2%E7%AA%81%E4%B8%80%E5%91%A8%E5%B9%B4%E9%87%8D%E8%AE%BF%E5%9F%BA%E8%BE%85&sa=fyb_n_homepage&rsv_dl=fyb_n_homepage&from=super&cl=3&tn=baidutop10&fr=top1000&rsv_idx=2&hisfilter=1,俄乌冲突一周年重访基辅
link,name
https://www.baidu.com/s?wd=%E6%96%B0%E6%98%A5%E5%8A%A0%E9%80%9F%E5%BA%A6+%E4%B8%AD%E5%9B%BD%E7%BB%8F%E6%B5%8E%E8%B7%91%E5%87%BA%E6%96%B0%E6%B4%BB%E5%8A%9B&sa=fyb_n_homepage&rsv_dl=fyb_n_homepage&from=super&cl=3&tn=baidutop10&fr=top1000&rsv_idx=2&hisfilter=1,新春加速度 中国经济跑出新活力
https://www.baidu.com/s?wd=%E6%B6%88%E8%B4%B9%E5%A4%A7%E6%95%B0%E6%8D%AE%E5%B1%95%E9%9C%B2%E6%9A%96%E6%84%8F%E4%B8%8E%E6%96%B0%E6%84%8F&sa=fyb_n_homepage&rsv_dl=fyb_n_homepage&from=super&cl=3&tn=baidutop10&fr=top1000&rsv_idx=2&hisfilter=1,消费大数据展露暖意与新意
https://www.baidu.com/s?wd=%E5%A7%94%E5%91%98%E7%A7%B0%E5%A4%A7%E5%AD%A6%E7%94%9F%E4%B8%8D%E8%A6%81%E6%BB%A1%E8%84%91%E5%AD%90%E5%A4%AE%E5%9B%BD%E6%94%BF&sa=fyb_n_homepage&rsv_dl=fyb_n_homepage&from=super&cl=3&tn=baidutop10&fr=top1000&rsv_idx=2&hisfilter=1,委员称大学生不要满脑子央国政
https://www.baidu.com/s?wd=%E6%B3%95%E6%B2%BB%E6%97%A5%E6%8A%A5%EF%BC%9A%E2%80%9C%E9%9A%94%E7%A9%BA%E7%8C%A5%E4%BA%B5%E2%80%9D%E4%B9%9F%E6%98%AF%E6%80%A7%E4%BE%B5&sa=fyb_n_homepage&rsv_dl=fyb_n_homepage&from=super&cl=3&tn=baidutop10&fr=top1000&rsv_idx=2&hisfilter=1,法治日报：“隔空猥亵”也是性侵
https://www.baidu.com/s?wd=%E5%B0%91%E4%B8%8A%E4%B8%80%E5%A4%A9%E7%8F%AD%EF%BC%8C%E7%A9%B6%E7%AB%9F%E2%80%9C%E9%A6%99%E4%B8%8D%E9%A6%99%E2%80%9D%EF%BC%9F&sa=fyb_n_homepage&rsv_dl=fyb_n_homepage&from=super&cl=3&tn=baidutop10&fr=top1000&rsv_idx=2&hisfilter=1,少上一天班，究竟“香不香”？
https://www.baidu.com/s?wd=%E4%BF%84%E4%B9%8C%E5%86%B2%E7%AA%81%E4%B8%80%E5%91%A8%E5%B9%B4%E9%87%8D%E8%AE%BF%E5%9F%BA%E8%BE%85&sa=fyb_n_homepage&rsv_dl=fyb_n_homepage&from=super&cl=3&tn=baidutop10&fr=top1000&rsv_idx=2&hisfilter=1,俄乌冲突一周年重访基辅
